ambulance_lat,ambulance_lon,hospital_lat,hospital_lon,distance_km,temperature,humidity,weather_encoded,icu_beds,emergency_load_encoded,hour,day_of_week,is_weekend,capacity_utilization
-0.3556322578702984,-1.3054363222049832,0.5735345647769646,0.7379603131784257,-0.3791418476239582,0.026225138878868712,-1.0765560543930148,1.406757022802883,-0.3309142892396886,-1.1305948130014607,0.9339824069887365,1.5889448215092303,1.7320508075688774,1.1645726702769121
-0.3807628575723608,-0.72511107806496,0.5735345647769646,0.7379603131784257,-0.5710697811458552,0.15735083327321273,1.3661967432572624,1.406757022802883,-0.07263972202822433,0.09166984970282108,0.9339824069887365,0.538402790759326,-0.5773502691896258,-0.0011455335419840481
-0.23098574423352913,0.9945851582061417,-1.5236264660500871,-1.5230374954405625,1.7421668913022728,0.28847652766755677,-0.09945493533290395,-1.4544437015419636,0.8313212632119006,-1.1305948130014607,1.263139202403269,-1.0374102553655307,-0.5773502691896258,-0.19834485227184817
1.3861162499530792,-0.9359929235550248,-1.5236264660500871,-1.5230374954405625,1.5030987635820148,0.9441049996392769,-0.02966199825718174,0.4530234480212674,2.0258411365649227,-1.1305948130014607,1.4277176001105354,-1.5626812707404827,-0.5773502691896258,-0.23933358282390887
-1.2582675909666103,-1.6584056768077988,0.7446537785343935,0.5543880959698275,-0.4666879225637708,-0.23602624990981935,0.9474391208029291,-0.500710126760348,-1.5254341625927108,0.09166984970282108,-1.5346935586202584,1.5889448215092303,1.7320508075688774,-0.2683860346987208
0.18326990656801562,1.2329645024994578,0.7446537785343935,0.5543880959698275,-1.0374209880367806,-1.1539061106702275,0.5984744354243181,0.4530234480212674,-1.1380223117755144,-1.1305948130014607,-1.6992719563275247,0.013131775384373757,-0.5773502691896258,-0.3685003009930871
-1.2591689202295269,-0.5873997900646984,0.5735345647769646,0.7379603131784257,-0.4902580196629511,-1.5472831938532596,-0.797384306090126,-0.500710126760348,-0.16949268473252344,1.3139345124071027,0.6048256115742039,-1.0374102553655307,-0.5773502691896258,-0.12515273892746842
0.028054589837027327,-1.7439319602891126,0.5735345647769646,0.7379603131784257,-0.3791418476239582,-1.5472831938532596,0.5286814983485959,0.4530234480212674,-0.49233589374685377,0.09166984970282108,-0.21806637696212777,-1.0374102553655307,-0.5773502691896258,-1.3712270504287534
